{"cameraMode":{"drawMode":0,"name":"Shaded","section":"Shading Mode"},"sceneLighting":false,"audioPlay":false,"sceneViewState":{"showFog":true,"showMaterialUpdate":false,"showSkybox":false,"showFlares":true,"showImageEffects":true,"showParticleSystems":true},"in2DMode":false,"pivot":{"x":0.34279191493988039,"y":-0.19189167022705079,"z":-0.25690072774887087},"rotation":{"x":-0.13532967865467072,"y":0.8629135489463806,"z":-0.31333550810813906,"w":-0.3726898431777954},"size":1.7660255432128907,"orthographic":false}