{"cameraMode":{"drawMode":0,"name":"Shaded","section":"Shading Mode"},"sceneLighting":true,"audioPlay":false,"sceneViewState":{"showFog":true,"showMaterialUpdate":false,"showSkybox":false,"showFlares":true,"showImageEffects":true,"showParticleSystems":true},"in2DMode":false,"pivot":{"x":111.95806884765625,"y":-41.83856201171875,"z":22.582965850830079},"rotation":{"x":0.2520780563354492,"y":-0.07422248274087906,"z":0.9646714925765991,"w":0.01941452920436859},"size":39.53929138183594,"orthographic":false}