{"cameraMode":{"drawMode":0,"name":"Shaded","section":"Shading Mode"},"sceneLighting":true,"audioPlay":false,"sceneViewState":{"showFog":true,"showMaterialUpdate":false,"showSkybox":true,"showFlares":true,"showImageEffects":true,"showParticleSystems":true},"in2DMode":false,"pivot":{"x":7.83275032043457,"y":0.00422939658164978,"z":-0.011824727058410645},"rotation":{"x":0.019433947280049325,"y":0.9633200764656067,"z":-0.2576151192188263,"w":0.07267700135707855},"size":23.71478271484375,"orthographic":false}